{"Figueres,ES": [41.3850639, 2.1734035], "Tortosa,ES": [41.3850639, 2.1734035], "Cornell\u00e0,ES": [41.3850639, 2.1734035], "Champion,AB,CA": [41.3850639, 2.1734035], "Girona,ES": [41.3850639, 2.1734035], "Igualada,ES": [41.3850639, 2.1734035], "Mollet del Vall\u00e8s,ES": [41.3850639, 2.1734035], "Pineda de Mar,ES": [41.3850639, 2.1734035], "Bragg Creek,AB,CA": [41.3850639, 2.1734035], "Strathmore,AB,CA": [41.3850639, 2.1734035], "Premi\u00e0 de Mar,ES": [41.3850639, 2.1734035], "Red Deer County,AB,CA": [41.3850639, 2.1734035], "Arenys de Mar,ES": [41.3850639, 2.1734035], "Granollers,ES": [41.3850639, 2.1734035], "Lacombe,AB,CA": [41.3850639, 2.1734035], "Molins de Rei,ES": [41.3850639, 2.1734035], "Matar\u00f3,ES": [41.3850639, 2.1734035], "Drumheller,AB,CA": [41.3850639, 2.1734035], "Caldes de Montbui,ES": [41.3850639, 2.1734035], "Bangkok,TH": [41.3850639, 2.1734035], "Terrassa,ES": [41.3850639, 2.1734035], "Ripoll,ES": [41.3850639, 2.1734035], "Canmore,AB,CA": [41.3850639, 2.1734035], "De Winton,AB,CA": [41.3850639, 2.1734035], "High River,AB,CA": [41.3850639, 2.1734035], "Martorell,ES": [41.3850639, 2.1734035], "Rayong,TH": [41.3850639, 2.1734035], "Cochrane,AB,CA": [41.3850639, 2.1734035], "L'Hospitalet de Llobregat,ES": [41.3850639, 2.1734035], "Okotoks,AB,CA": [41.3850639, 2.1734035], "Samut Prakan,TH": [41.3850639, 2.1734035], "Badalona,ES": [41.3850639, 2.1734035], "Esplugues de Llobregat,ES": [41.3850639, 2.1734035], "Sant Cugat del Vall\u00e8s,ES": [41.3850639, 2.1734035], "Salou,ES": [41.3850639, 2.1734035], "Calella,ES": [41.3850639, 2.1734035], "Blanes,ES": [41.3850639, 2.1734035], "Banff,AB,CA": [41.3850639, 2.1734035], "Balzac,AB,CA": [41.3850639, 2.1734035], "Sant Just Desvern,ES": [41.3850639, 2.1734035], "Calgary,AB,CA": [41.3850639, 2.1734035], "Sant Joan Desp\u00ed,ES": [41.3850639, 2.1734035], "Lleida,ES": [41.3850639, 2.1734035], "Perpignan,FR": [41.3850639, 2.1734035], "Si Racha,TH": [41.3850639, 2.1734035], "Vic,ES": [41.3850639, 2.1734035], "Castelldefels,ES": [41.3850639, 2.1734035], "Hua Hin,TH": [41.3850639, 2.1734035], "Nakhon Nayok,TH": [41.3850639, 2.1734035], "Andorra la Vella,AD": [41.3850639, 2.1734035], "Jarvis Bay,AB,CA": [41.3850639, 2.1734035], "Red Deer,AB,CA": [41.3850639, 2.1734035], "Kimberley,BC,CA": [41.3850639, 2.1734035], "Nonthaburi,TH": [41.3850639, 2.1734035], "Cambrils,ES": [41.3850639, 2.1734035], "La Palma de Cervell\u00f3,ES": [41.3850639, 2.1734035], "Vilanova i la Geltr\u00fa,ES": [41.3850639, 2.1734035], "Stettler,AB,CA": [41.3850639, 2.1734035], "Sylvan Lake,AB,CA": [41.3850639, 2.1734035], "Chestermere,AB,CA": [41.3850639, 2.1734035], "Pathum Thani,TH": [41.3850639, 2.1734035], "Airdrie,AB,CA": [41.3850639, 2.1734035], "Black Diamond,AB,CA": [41.3850639, 2.1734035], "Reus,ES": [41.3850639, 2.1734035], "Manresa,ES": [41.3850639, 2.1734035], "Barcelona,ES": [41.3850639, 2.1734035], "Montcada i Reixac,ES": [41.3850639, 2.1734035], "Sitges,ES": [41.3850639, 2.1734035], "Sabadell,ES": [41.3850639, 2.1734035], "Calafell,ES": [41.3850639, 2.1734035], "Tarragona,ES": [41.3850639, 2.1734035], "Lethbridge,AB,CA": [41.3850639, 2.1734035], "Les Escaldes,AD": [41.3850639, 2.1734035], "Pattaya,TH": [41.3850639, 2.1734035]}