{"Caldes de Montbui,ES": [41.6316583, 2.1668706], "Kimberley,BC,CA": [49.6651567, -115.9967206], "Matar\u00f3,ES": [41.5381124, 2.4447406], "Blanes,ES": [41.6759954, 2.7902289], "Figueres,ES": [42.26550659999999, 2.9581046], "Montcada i Reixac,ES": [41.4931546, 2.181871000000001], "Les Escaldes,AD": [42.5100804, 1.5387862], "Arenys de Mar,ES": [41.5797073, 2.5508683], "Vilanova i la Geltr\u00fa,ES": [41.2151504, 1.727446], "Tarragona,ES": [41.1188827, 1.2444909], "Sant Cugat del Vall\u00e8s,ES": [41.4720702, 2.0865154], "Chestermere,AB,CA": [51.0498087, -113.8233018], "Balzac,AB,CA": [51.212985, -114.007862], "Pattaya,TH": [12.9276082, 100.8770813], "Okotoks,AB,CA": [50.7254936, -113.9749472], "Red Deer County,AB,CA": [52.0501321, -113.7423854], "Canmore,AB,CA": [51.0747378, -115.3599592], "Esplugues de Llobregat,ES": [41.3766912, 2.0858115], "Martorell,ES": [41.4795041, 1.923048], "Granollers,ES": [41.60619270000001, 2.2870889], "Igualada,ES": [41.5847817, 1.6226538], "Cambrils,ES": [41.0666754, 1.0603606], "Rayong,TH": [12.707434, 101.1473517], "Cornell\u00e0,ES": [41.3573827, 2.0707159], "Perpignan,FR": [42.6886591, 2.8948332], "Cochrane,AB,CA": [51.1909883, -114.4678603], "Hua Hin,TH": [12.5683747, 99.9576888], "Tortosa,ES": [40.8125777, 0.5214423], "Drumheller,AB,CA": [51.4651847, -112.7105343], "Premi\u00e0 de Mar,ES": [41.4946642, 2.3591531], "High River,AB,CA": [50.5801021, -113.8707312], "Castelldefels,ES": [41.2800161, 1.9766294], "Strathmore,AB,CA": [51.0378523, -113.4002873], "Sabadell,ES": [41.5462745, 2.1086131], "Terrassa,ES": [41.563211, 2.0088747], "Calgary,AB,CA": [51.0486151, -114.0708459], "Manresa,ES": [41.7292826, 1.8225154], "Ripoll,ES": [42.1994589, 2.1907618], "L'Hospitalet de Llobregat,ES": [41.3661865, 2.1164942], "Si Racha,TH": [13.1641308, 100.9216588], "La Palma de Cervell\u00f3,ES": [41.4135874, 1.9690429], "Red Deer,AB,CA": [52.2681118, -113.8112386], "Mollet del Vall\u00e8s,ES": [41.542551, 2.2113698], "Samut Prakan,TH": [13.5990961, 100.5998319], "Lleida,ES": [41.6175899, 0.6200146], "Lethbridge,AB,CA": [49.69349, -112.84184], "Bangkok,TH": [13.7563309, 100.5017651], "Salou,ES": [41.0777581, 1.1315203], "Calafell,ES": [41.1938386, 1.5664556], "Sylvan Lake,AB,CA": [52.30762010000001, -114.0979947], "Lacombe,AB,CA": [52.4630512, -113.7286242], "Champion,AB,CA": [50.2413663, -113.148834], "Nonthaburi,TH": [13.8621125, 100.5143528], "Girona,ES": [41.9794005, 2.8214264], "Badalona,ES": [41.4469883, 2.2450325], "Calella,ES": [41.6134346, 2.6535552], "Vic,ES": [41.9304373, 2.2544335], "Banff,AB,CA": [51.1783629, -115.5707694], "Nakhon Nayok,TH": [14.2038387, 101.2268773], "Jarvis Bay,AB,CA": [52.3370125, -114.0748535], "Pineda de Mar,ES": [41.62451009999999, 2.6827579], "Andorra la Vella,AD": [42.50631740000001, 1.5218355], "De Winton,AB,CA": [50.822605, -114.013295], "Sitges,ES": [41.2371851, 1.805886], "Bragg Creek,AB,CA": [50.95174, -114.5692339], "Airdrie,AB,CA": [51.2917005, -114.0143635], "Sant Just Desvern,ES": [41.383333, 2.0666616], "Sant Joan Desp\u00ed,ES": [41.3673523, 2.0566806], "Stettler,AB,CA": [52.3227515, -112.7109042], "Black Diamond,AB,CA": [50.6883865, -114.2326442], "Pathum Thani,TH": [14.0208391, 100.5250276], "Reus,ES": [41.1498259, 1.1055321], "Molins de Rei,ES": [41.4134488, 2.0182425], "Barcelona,ES": [41.3850639, 2.1734035]}